INSERT INTO Staff VALUES('ST001', 'Magnus', 50000000, 'magnus@hermosa.id', '+62812323321', 'Meruya');
INSERT INTO Staff VALUES('ST002', 'Galih', 25000000, 'galih@hermosa.id', '+62814545546', 'Kebon Jeruk');
INSERT INTO Staff VALUES('ST003', 'Wijaya', 45000000, 'wijaya@hermosa.id', '+628186979677', 'Kelapa Gading');
INSERT INTO Staff VALUES('ST004', 'Hanson', 75000000, 'hanson@hermosa.id', '+628145745754', 'Sunter');
INSERT INTO Staff VALUES('ST005', 'Jonathan', 30000000, 'jonathan@hermosa.id', '+628198995676', 'Bintaro');
INSERT INTO Staff VALUES('ST006', 'Nicholas', 10000000, 'nicholas@hermosa.id', '+6281324548787', 'BSD');
INSERT INTO Staff VALUES('ST007', 'Adrian', 60000000, 'adrian@hermosa.id', '+628187678223', 'Kebon Kacang');
INSERT INTO Staff VALUES('ST008', 'Wong', 55000000, 'wong@hermosa.id', '+628135647344', 'Blok M');
INSERT INTO Staff VALUES('ST009', 'Nathan', 65000000, 'nathan@hermosa.id', '+62814785856', 'Pertamburan');
INSERT INTO Staff VALUES('ST010', 'Ryo', 70000000, 'ryo@hermosa.id', '+628163583868', 'Pluit');

INSERT INTO Member VALUES (‘MM001’, 'Xylia Fermer', ‘+62816663527', 'Female', 'xfermer0@zdnet.com');
INSERT INTO Member VALUES (‘MM002’, 'Tim Bowshire', ‘+62314992348', 'Female', 'tbowshire1@phoca.cz');
INSERT INTO Member VALUES (‘MM003’, 'Edwina Nan Carrow', ‘+62724845700', 'Female', 'enan2@cpanel.net');
INSERT INTO Member VALUES (‘MM004’, 'Torrie Hallifax', ‘+62982676052', 'Female', 'thallifax3@tinypic.com');
INSERT INTO Member VALUES (‘MM005’, 'Gerhardt Muckian', ‘+62008954954', 'Male', 'gmuckian4@ucoz.com');
INSERT INTO Member VALUES (‘MM006’, 'Gerti Liddicoat', ‘+62936036250', 'Female', 'gliddicoat5@goodreads.com');
INSERT INTO Member VALUES (‘MM007’, 'Sheilakathryn Bahike', ‘+62535233088', 'Female', 'sbahike6@comsenz.com');
INSERT INTO Member VALUES (‘MM008’, 'Evelin Dudin', ‘+62566584704', 'Male', 'edudin7@networkadvertising.org');
INSERT INTO Member VALUES (‘MM009’, 'Luther Bowhay', ‘+62718723808', 'Male', 'lbowhay8@360.cn');
INSERT INTO Member VALUES (‘MM010’, 'Bertie Quilkin', ‘+62555344452', 'Female', 'bquilkin9@elegantthemes.com');
INSERT INTO Member VALUES (‘MM011’, 'Mordecai Thing', ‘+62037220247', 'Male', 'mthinga@pagesperso-orange.fr');
INSERT INTO Member VALUES (‘MM012’, 'Rosana Rego', ‘+62731256592', 'Female', 'rregob@smugmug.com');
INSERT INTO Member VALUES (‘MM013’, 'Nari Hafner', ‘+62317068539', 'Female', 'nhafnerc@newsvine.com');
INSERT INTO Member VALUES (‘MM014’, 'Richy Guerro', ‘+62484300998', 'Male', 'rguerrod@etsy.com');
INSERT INTO Member VALUES (‘MM015’, 'Vernon Espinho', ‘+62522935626', 'Male', 'vespinhoe@joomla.org');
INSERT INTO Member VALUES (‘MM016’, 'Omero Garmey', ‘+62042770352', 'Male', 'ogarmeyf@tmall.com');
INSERT INTO Member VALUES (‘MM017’, 'Frannie O''Mannion', ‘+62138836948', 'Male', 'fomanniong@hhs.gov');
INSERT INTO Member VALUES (‘MM018’, 'Lucho Hearons', ‘+62058682184', 'Male', 'lhearonsh@house.gov');
INSERT INTO Member VALUES (‘MM019’, 'Gayler Robez', ‘+62325646409', 'Male', 'grobezi@plala.or.jp');
INSERT INTO Member VALUES (‘MM020’, 'Felice Tierny', ‘+62921976702', 'Male', 'ftiernyj@themeforest.net');
INSERT INTO Member VALUES (‘MM021’, 'Art Hawkswood', ‘+62823558275', 'Male', 'ahawkswoodk@geocities.com');
INSERT INTO Member VALUES (‘MM022’, 'Dorie Blayney', ‘+62468180543', 'Male', 'dblayneyl@quantcast.com');
INSERT INTO Member VALUES (‘MM023’, 'Conrade Wickey', ‘+62245736643', 'Male', 'cwickeym@reuters.com');
INSERT INTO Member VALUES (‘MM024’, 'Athene Muckeen', ‘+62204276389', 'Female', 'amuckeenn@sina.com.cn');
INSERT INTO Member VALUES (‘MM025’, 'Skell Razzell', ‘+62553397150', 'Male', 'srazzello@eepurl.com');
INSERT INTO Member VALUES (‘MM026’, 'Brannon Ramsby', ‘+62476539131', 'Male', 'bramsbyp@oracle.com');
INSERT INTO Member VALUES (‘MM027’, 'Hollyanne Sabbin', ‘+62386366176', 'Female', 'hsabbinq@prweb.com');
INSERT INTO Member VALUES (‘MM028’, 'Duky Cottisford', ‘+62226943612', 'Male', 'dcottisfordr@amazonaws.com');
INSERT INTO Member VALUES (‘MM029’, 'Gaelan Braker', ‘+62056398643', 'Male', 'gbrakers@netvibes.com');
INSERT INTO Member VALUES (‘MM030’, 'Richmond Light', ‘+62017237012', 'Male', 'rlightt@flickr.com');


INSERT INTO Supplier VALUES (‘VD001’, 'Pamelina Beavors', ‘+628729538675', 'pbeavors0@upenn.edu', 'Chaowai');
INSERT INTO Supplier VALUES (‘VD002’, 'Frannie Delacoste', ‘+628561815458', 'fdelacoste1@yahoo.co.jp', 'Nynäshamn');
INSERT INTO Supplier VALUES (‘VD003’, 'Cherin Ansell', ‘+628153066904', 'cansell2@miibeian.gov.cn', 'Karlskrona');
INSERT INTO Supplier VALUES (‘VD004’, 'Vic Huleatt', ‘+628224187774', 'vhuleatt3@ocn.ne.jp', 'Coulommiers');
INSERT INTO Supplier VALUES (‘VD005’, 'Dana Greenland', ‘+628894616231', 'dgreenland4@baidu.com', 'Souto');
INSERT INTO Supplier VALUES (‘VD006’, 'Mercedes Longo', ‘+628427550121', 'mlongo5@altervista.org', 'Dobruševo');
INSERT INTO Supplier VALUES (‘VD007’, 'Kelsy McAteer', ‘+628208314051', 'kmcateer6@soup.io', 'Velyki Mezhyrichi');
INSERT INTO Supplier VALUES (‘VD008’, 'Dean Ridgedell', ‘+628393544782', 'dridgedell7@npr.org', 'Sumbergedong');
INSERT INTO Supplier VALUES (‘VD009’, 'Tam Longmore', ‘+628882554161', 'tlongmore8@ox.ac.uk', 'Marignane');
INSERT INTO Supplier VALUES (‘VD010’, 'Chester Tefft', ‘+628936950585', 'ctefft9@lulu.com', 'Ayabaca');
INSERT INTO Supplier VALUES (‘VD011’, 'Murial Tanzig', ‘+628075394851', 'mtanziga@chicagotribune.com', 'Imaan');
INSERT INTO Supplier VALUES (‘VD012’, 'Devland Windress', ‘+628812502522', 'dwindressb@icio.us', 'Orocuina');
INSERT INTO Supplier VALUES (‘VD013’, 'Alley Segrott', ‘+628746436337', 'asegrottc@phoca.cz', 'Granada');
INSERT INTO Supplier VALUES (‘VD014’, 'Charleen Brogi', ‘+628148812361', 'cbrogid@goo.ne.jp', 'Granica');
INSERT INTO Supplier VALUES (‘VD015’, 'Fitzgerald Ciric', ‘+628541285099', 'fcirice@boston.com', 'Tangalla');
INSERT INTO Supplier VALUES (‘VD016’, 'Diane Paulson', ‘+628449244769', 'dpaulsonf@delicious.com', 'São Paio de Seide');
INSERT INTO Supplier VALUES (‘VD017’, 'Mildred Combes', ‘+628679867525', 'mcombesg@ycombinator.com', 'Rungis');
INSERT INTO Supplier VALUES (‘VD018’, 'Byron Shilliday', ‘+628187558194', 'bshillidayh@feedburner.com', 'Isangel');
INSERT INTO Supplier VALUES (‘VD019’, 'Millard Spain-Gower', ‘+628083980884', 'mspaingoweri@last.fm', 'Pangligaran');
INSERT INTO Supplier VALUES (‘VD020’, 'Andromache Cheetham', ‘+628775086902', 'acheethamj@last.fm', 'Mora');
INSERT INTO Supplier VALUES (‘VD021’, 'Debbie Keddy', ‘+628086902785', 'dkeddyk@oracle.com', 'Sanshui');
INSERT INTO Supplier VALUES (‘VD022’, 'Dede Aloshikin', ‘+628223677460', 'daloshikinl@cdc.gov', 'Nueva Helvecia');
INSERT INTO Supplier VALUES (‘VD023’, 'Dolli Ayliffe', ‘+628809088176', 'dayliffem@nba.com', 'Bharatpur');
INSERT INTO Supplier VALUES (‘VD024’, 'Jim Pierri', ‘+628634992663', 'jpierrin@godaddy.com', 'Lampa');
INSERT INTO Supplier VALUES (‘VD025’, 'Karisa Alastair', ‘+628717071693', 'kalastairo@adobe.com', 'Dachun');
INSERT INTO Supplier VALUES (‘VD026’, 'Chalmers Petrus', ‘+628013570984', 'cpetrusp@drupal.org', 'Catamayo');
INSERT INTO Supplier VALUES (‘VD027’, 'Rudy O'' Donohoe', ‘+628058464886', 'roq@google.ru', 'Tempel');
INSERT INTO Supplier VALUES (‘VD028’, 'Bellanca Clears', ‘+628791549984', 'bclearsr@wisc.edu', 'Goworowo');
INSERT INTO Supplier VALUES (‘VD029’, 'Stace Rossoni', ‘+628143616176', 'srossonis@mapy.cz', 'Erie');
INSERT INTO Supplier VALUES (‘VD030’, 'Vassily Duncan', ‘+628047203504', 'vduncant@sbwire.com', 'Dārchulā');


INSERT INTO Transaction VALUES('PD001', 'ST001', 'VD001', 'PY001', 'GW001', '2019-08-01', 1),
INSERT INTO Transaction VALUES('PD002', 'ST001', 'VD001', 'PY001', 'GW001', '2019-08-02', 1),
INSERT INTO Transaction VALUES('PD003', 'ST002', 'VD002', 'PY002', 'GW002', '2019-08-03', 1),
INSERT INTO Transaction VALUES('PD004', 'ST002', 'VD002', 'PY002', 'GW002', '2019-08-04', 1),
INSERT INTO Transaction VALUES('PD005', 'ST003', 'VD003', 'PY003', 'GW003', '2019-08-05', 1),
INSERT INTO Transaction VALUES('PD006', 'ST003', 'VD003', 'PY003', 'GW003', '2019-08-06', 1),
INSERT INTO Transaction VALUES('PD007', 'ST004', 'VD004', 'PY004', 'GW004', '2019-08-07', 1),
INSERT INTO Transaction VALUES('PD008', 'ST004', 'VD004', 'PY004', 'GW004', '2019-08-08', 1),
INSERT INTO Transaction VALUES('PD009', 'ST005', 'VD005', 'PY005', 'GW005', '2019-08-09', 1),
INSERT INTO Transaction VALUES('PD010', 'ST005', 'VD005', 'PY005', 'GW005', '2019-08-10', 1),
INSERT INTO Transaction VALUES('PD011', 'ST010', 'VD010', 'PY010', 'GW010', '2019-08-11', 1),
INSERT INTO Transaction VALUES('PD012', 'ST006', 'VD006', 'PY006', 'GW006', '2019-08-12', 1),
INSERT INTO Transaction VALUES('PD013', 'ST007', 'VD007', 'PY007', 'GW007', '2019-08-13', 1),
INSERT INTO Transaction VALUES('PD014', 'ST008', 'VD008', 'PY008', 'GW008', '2019-08-14', 1),
INSERT INTO Transaction VALUES('PD015', 'ST009', 'VD009', 'PY009', 'GW009', '2019-08-15', 1)

INSERT INTO Transaction VALUES('RE001', 'ST001', 'MM001', 'GW001', '2019-08-01', '2019-08-05'),
INSERT INTO Transaction VALUES('RE002', 'ST001', 'MM001', 'GW001', '2019-08-01', '2019-08-05'),
INSERT INTO Transaction VALUES('RE003', 'ST001', 'MM001', 'GW001', '2019-08-01', '2019-08-05'),
INSERT INTO Transaction VALUES('RE004', 'ST001', 'MM001', 'GW001', '2019-08-01', '2019-08-05'),
INSERT INTO Transaction VALUES('RE005', 'ST001', 'MM001', 'GW001', '2019-08-01', '2019-08-05')


INSERT INTO Payment VALUES

INSERT INTO Gown VALUES

INSERT INTO GownType VALUES
